{
  "task": "genus",
  "backbone": "zhihan1996/DNABERT-2-117M",
  "head_type": "attention_pool",
  "use_lora": true,
  "val_accuracy": 0.573496,
  "val_f1_weighted": 0.5495133900013639,
  "best_epoch": 29,
  "total_epochs_trained": 30,
  "reads_per_sec": 14672.844174809094,
  "avg_latency_ms": 0.0681531125176698,
  "peak_gpu_memory_gb": 6.124606976,
  "total_params": 119297144,
  "trainable_params": 2228600,
  "total_training_time_sec": 29615.371323108673,
  "training_time_str": "8:13:35"
}