{
  "micro_accuracy": 0.62022,
  "balanced_accuracy": 0.3270209207490773,
  "f1_weighted": 0.6009988941421974,
  "f1_macro": 0.3689469245856214,
  "precision_weighted": 0.6047807735722959,
  "recall_weighted": 0.62022,
  "precision_macro": 0.4943012062497605,
  "recall_macro": 0.3270209207490773,
  "num_classes": 120,
  "num_classes_present": 120,
  "num_classes_f1_zero": 2,
  "top3_accuracy": 0.809398,
  "top5_accuracy": 0.875152,
  "top10_accuracy": 0.938782
}