{
  "micro_accuracy": 0.612004,
  "balanced_accuracy": 0.32954456662263365,
  "f1_weighted": 0.5944603178900479,
  "f1_macro": 0.3766836448922308,
  "precision_weighted": 0.6016115623756471,
  "recall_weighted": 0.612004,
  "precision_macro": 0.5160215099756071,
  "recall_macro": 0.32954456662263365,
  "num_classes": 120,
  "num_classes_present": 120,
  "num_classes_f1_zero": 2,
  "top3_accuracy": 0.801142,
  "top5_accuracy": 0.867484,
  "top10_accuracy": 0.932548,
  "reads_per_sec": 4410.896107032761,
  "avg_latency_ms": 0.22671130213327706,
  "checkpoint_epoch": 30,
  "max_token_length": 160,
  "task": "genus",
  "rc_tta": false
}