{
  "read_level_accuracy": 0.09225,
  "n_reads_total": 100000,
  "n_genera": 1535,
  "abundance_estimation": {
    "pearson_r_mean": 0.06541624882978651,
    "pearson_r_std": 0.02549076461131033,
    "pearson_r_median": 0.06708110614479512,
    "spearman_r_mean": 0.05854750548141304,
    "spearman_r_std": 0.024436186721830063,
    "bray_curtis_mean": 0.6540700000000003,
    "bray_curtis_std": 0.012593057611239621,
    "n_samples": 100,
    "reads_per_sample": 1000
  },
  "binary_detection_by_count_threshold": {
    ">=1_reads": {
      "threshold_reads": 1,
      "sensitivity": 0.6164,
      "specificity": 0.65841,
      "precision": 0.05728,
      "tp": 6164,
      "fp": 101452,
      "tn": 195548,
      "fn": 3836
    },
    ">=2_reads": {
      "threshold_reads": 2,
      "sensitivity": 0.4641,
      "specificity": 0.86225,
      "precision": 0.10188,
      "tp": 4641,
      "fp": 40911,
      "tn": 256089,
      "fn": 5359
    },
    ">=5_reads": {
      "threshold_reads": 5,
      "sensitivity": 0.2032,
      "specificity": 0.98755,
      "precision": 0.35469,
      "tp": 2032,
      "fp": 3697,
      "tn": 293303,
      "fn": 7968
    },
    ">=10_reads": {
      "threshold_reads": 10,
      "sensitivity": 0.045,
      "specificity": 0.99928,
      "precision": 0.67669,
      "tp": 450,
      "fp": 215,
      "tn": 296785,
      "fn": 9550
    },
    ">=20_reads": {
      "threshold_reads": 20,
      "sensitivity": 0.0011,
      "specificity": 1.0,
      "precision": 1.0,
      "tp": 11,
      "fp": 0,
      "tn": 297000,
      "fn": 9989
    },
    ">=50_reads": {
      "threshold_reads": 50,
      "sensitivity": 0.0,
      "specificity": 1.0,
      "precision": NaN,
      "tp": 0,
      "fp": 0,
      "tn": 297000,
      "fn": 10000
    }
  },
  "binary_detection_by_abundance_threshold": {
    ">=0.00%": {
      "sensitivity": 0.6164,
      "specificity": 0.65841,
      "precision": 0.05728,
      "tp": 6164,
      "fp": 101452,
      "tn": 195548,
      "fn": 3836
    },
    ">=0.01%": {
      "sensitivity": 0.6164,
      "specificity": 0.65841,
      "precision": 0.05728,
      "tp": 6164,
      "fp": 101452,
      "tn": 195548,
      "fn": 3836
    },
    ">=0.05%": {
      "sensitivity": 0.6164,
      "specificity": 0.65841,
      "precision": 0.05728,
      "tp": 6164,
      "fp": 101452,
      "tn": 195548,
      "fn": 3836
    },
    ">=0.10%": {
      "sensitivity": 0.6164,
      "specificity": 0.65841,
      "precision": 0.05728,
      "tp": 6164,
      "fp": 101452,
      "tn": 195548,
      "fn": 3836
    },
    ">=0.50%": {
      "sensitivity": 0.2032,
      "specificity": 0.98755,
      "precision": 0.35469,
      "tp": 2032,
      "fp": 3697,
      "tn": 293303,
      "fn": 7968
    },
    ">=1.00%": {
      "sensitivity": 0.04523,
      "specificity": 0.99928,
      "precision": 0.67669,
      "tp": 450,
      "fp": 215,
      "tn": 296836,
      "fn": 9499
    }
  },
  "sensitivity_by_abundance": {
    "<0.01%": {
      "mean": NaN,
      "count": 0
    },
    "0.01\u20130.1%": {
      "mean": NaN,
      "count": 0
    },
    "0.1\u20131%": {
      "mean": 0.45098,
      "count": 51
    },
    "1\u20135%": {
      "mean": 0.61725,
      "count": 9949
    },
    ">5%": {
      "mean": NaN,
      "count": 0
    }
  },
  "roc_detection": {
    "auc": 0.68965,
    "operating_points": {
      "spec_80pct": {
        "target_specificity": 0.8,
        "achieved_specificity": 0.8,
        "sensitivity": 0.5131,
        "threshold_pred_frac": 0.001
      },
      "spec_90pct": {
        "target_specificity": 0.9,
        "achieved_specificity": 0.9,
        "sensitivity": 0.4121,
        "threshold_pred_frac": 0.002
      },
      "spec_95pct": {
        "target_specificity": 0.95,
        "achieved_specificity": 0.95,
        "sensitivity": 0.3308,
        "threshold_pred_frac": 0.003
      },
      "spec_99pct": {
        "target_specificity": 0.99,
        "achieved_specificity": 0.99,
        "sensitivity": 0.1854,
        "threshold_pred_frac": 0.005
      }
    }
  },
  "sample_config": {
    "reads_per_sample": 1000,
    "n_partition_samples": 100,
    "n_sparse_samples": 200,
    "genera_present_per_sparse_sample": 50
  }
}