{
  "micro_accuracy": 0.5388006,
  "balanced_accuracy": 0.222817688055837,
  "f1_weighted": 0.5074054941039426,
  "f1_macro": 0.2578256580564729,
  "precision_weighted": 0.5153292298129184,
  "recall_weighted": 0.5388006,
  "precision_macro": 0.41217485156133077,
  "recall_macro": 0.222817688055837,
  "num_classes": 120,
  "num_classes_present": 120,
  "num_classes_f1_zero": 3,
  "top3_accuracy": 0.739271,
  "top5_accuracy": 0.8186352,
  "top10_accuracy": 0.9042396,
  "reads_per_sec": 399207.719794209,
  "avg_latency_ms": 0.002504961578687653,
  "checkpoint_epoch": 15,
  "max_token_length": 32,
  "task": "genus",
  "rc_tta": true
}