{
  "micro_accuracy": 0.5379626,
  "balanced_accuracy": 0.22243550563365969,
  "f1_weighted": 0.5066535937087124,
  "f1_macro": 0.2571770811109048,
  "precision_weighted": 0.5143024344206072,
  "recall_weighted": 0.5379626,
  "precision_macro": 0.4104239144295032,
  "recall_macro": 0.22243550563365969,
  "num_classes": 120,
  "num_classes_present": 120,
  "num_classes_f1_zero": 3,
  "top3_accuracy": 0.7385386,
  "top5_accuracy": 0.8180328,
  "top10_accuracy": 0.9038992
}