{
  "micro_accuracy": 0.58881,
  "balanced_accuracy": 0.27951342190613,
  "f1_weighted": 0.5635017625845353,
  "f1_macro": 0.32318117993391987,
  "precision_weighted": 0.5773563790809212,
  "recall_weighted": 0.58881,
  "precision_macro": 0.5073037339682517,
  "recall_macro": 0.27951342190613,
  "num_classes": 120,
  "num_classes_present": 120,
  "num_classes_f1_zero": 3,
  "top3_accuracy": 0.782914,
  "top5_accuracy": 0.85451,
  "top10_accuracy": 0.926252,
  "reads_per_sec": 7258.8772173185625,
  "avg_latency_ms": 0.137762352229096,
  "checkpoint_epoch": 29,
  "max_token_length": 64,
  "task": "genus",
  "rc_tta": true
}