{
  "read_level_accuracy": 0.5056746405726775,
  "n_reads_total": 99742,
  "n_genera": 120,
  "abundance_estimation": {
    "pearson_r_mean": 0.9889218079235739,
    "pearson_r_std": 0.0010364001454043132,
    "pearson_r_median": 0.988833527107469,
    "spearman_r_mean": 0.856650488325556,
    "spearman_r_std": 0.0172600217386804,
    "bray_curtis_mean": 0.17105555555555554,
    "bray_curtis_std": 0.004226664329944441,
    "n_samples": 9,
    "reads_per_sample": 10000
  },
  "binary_detection_by_count_threshold": {
    ">=1_reads": {
      "threshold_reads": 1,
      "sensitivity": 0.71701,
      "specificity": 0.36746,
      "precision": 0.52706,
      "tp": 8531,
      "fp": 7655,
      "tn": 4447,
      "fn": 3367
    },
    ">=2_reads": {
      "threshold_reads": 2,
      "sensitivity": 0.60901,
      "specificity": 0.49678,
      "precision": 0.54334,
      "tp": 7246,
      "fp": 6090,
      "tn": 6012,
      "fn": 4652
    },
    ">=5_reads": {
      "threshold_reads": 5,
      "sensitivity": 0.47151,
      "specificity": 0.66559,
      "precision": 0.58093,
      "tp": 5610,
      "fp": 4047,
      "tn": 8055,
      "fn": 6288
    },
    ">=10_reads": {
      "threshold_reads": 10,
      "sensitivity": 0.34149,
      "specificity": 0.78673,
      "precision": 0.61153,
      "tp": 4063,
      "fp": 2581,
      "tn": 9521,
      "fn": 7835
    },
    ">=20_reads": {
      "threshold_reads": 20,
      "sensitivity": 0.22995,
      "specificity": 0.86531,
      "precision": 0.62666,
      "tp": 2736,
      "fp": 1630,
      "tn": 10472,
      "fn": 9162
    },
    ">=50_reads": {
      "threshold_reads": 50,
      "sensitivity": 0.12515,
      "specificity": 0.94026,
      "precision": 0.67315,
      "tp": 1489,
      "fp": 723,
      "tn": 11379,
      "fn": 10409
    }
  },
  "binary_detection_by_abundance_threshold": {
    ">=0.00%": {
      "sensitivity": 0.71701,
      "specificity": 0.36746,
      "precision": 0.52706,
      "tp": 8531,
      "fp": 7655,
      "tn": 4447,
      "fn": 3367
    },
    ">=0.01%": {
      "sensitivity": 0.71701,
      "specificity": 0.36746,
      "precision": 0.52706,
      "tp": 8531,
      "fp": 7655,
      "tn": 4447,
      "fn": 3367
    },
    ">=0.05%": {
      "sensitivity": 0.62351,
      "specificity": 0.50757,
      "precision": 0.54132,
      "tp": 7219,
      "fp": 6117,
      "tn": 6305,
      "fn": 4359
    },
    ">=0.10%": {
      "sensitivity": 0.58333,
      "specificity": 0.66402,
      "precision": 0.56584,
      "tp": 6003,
      "fp": 4606,
      "tn": 9103,
      "fn": 4288
    },
    ">=0.50%": {
      "sensitivity": 0.54429,
      "specificity": 0.89497,
      "precision": 0.61381,
      "tp": 3066,
      "fp": 1929,
      "tn": 16438,
      "fn": 2567
    },
    ">=1.00%": {
      "sensitivity": 0.60167,
      "specificity": 0.94475,
      "precision": 0.65776,
      "tp": 2166,
      "fp": 1127,
      "tn": 19273,
      "fn": 1434
    }
  },
  "sensitivity_by_abundance": {
    "<0.01%": {
      "mean": NaN,
      "count": 0
    },
    "0.01\u20130.1%": {
      "mean": 0.31923,
      "count": 1607
    },
    "0.1\u20131%": {
      "mean": 0.66343,
      "count": 6691
    },
    "1\u20135%": {
      "mean": 0.99271,
      "count": 2882
    },
    ">5%": {
      "mean": 1.0,
      "count": 718
    }
  },
  "roc_detection": {
    "auc": 0.5778,
    "operating_points": {
      "spec_80pct": {
        "target_specificity": 0.8,
        "achieved_specificity": 0.80008,
        "sensitivity": 0.31742,
        "threshold_pred_frac": 0.003595
      },
      "spec_90pct": {
        "target_specificity": 0.9,
        "achieved_specificity": 0.90008,
        "sensitivity": 0.18808,
        "threshold_pred_frac": 0.009477
      },
      "spec_95pct": {
        "target_specificity": 0.95,
        "achieved_specificity": 0.95,
        "sensitivity": 0.09542,
        "threshold_pred_frac": 0.021569
      },
      "spec_99pct": {
        "target_specificity": 0.99,
        "achieved_specificity": 0.99,
        "sensitivity": 0.03075,
        "threshold_pred_frac": 0.082353
      }
    }
  },
  "sample_config": {
    "reads_per_sample": 3060,
    "n_partition_samples": 9,
    "n_sparse_samples": 200,
    "genera_present_per_sparse_sample": 60
  }
}