model,all,in_db,ood,delta
NT-Species flat,0.17827,0.17122082522518323,0.22092941259431634,-0.0070491747748167854
NT-Species hier (NT-Genus router),0.15764,0.1520409233386546,0.19152386996685705,-0.0055990766613454035
NT-v2 per-genus (predicted),0.15597,0.1497920041016558,0.1933573090755236,-0.006177995898344196
NT-v2 per-genus (ORACLE),0.295,0.27690837693284703,0.4044848741273535,-0.01809162306715295
MT 6-mer flat,0.09225,0.09224064601079016,0.09230660743248008,-9.35398920984265e-06
MT 6-mer hier.,0.06407,0.06384367098195039,0.065439672801636,-0.0002263290180496147
MT 13-mer flat,0.49736,0.4981064799170347,0.49284253578732107,0.0007464799170346925
MT 13-mer hier.,0.5086,0.5095724722963446,0.5027149002186023,0.000972472296344562
