model,read_acc,pearson_r_mean,pearson_r_std,spearman_r_mean,bray_curtis_mean,bray_curtis_std,roc_auc,sens95
NT-Species flat,0.17122082522518323,0.14184978252372563,0.02886675343567418,0.1495824897988045,0.6016000000000001,0.014591859132446997,0.7757590201421801,0.526
NT-Species hier.,0.1520409233386546,0.11842140436308822,0.026571850785422787,0.1553150200563996,0.6158470588235295,0.013415097625088593,0.7761054802527647,0.4951
NT-v2 per-genus (predicted),0.1497920041016558,0.08812804240954256,0.02907048927463279,0.1486016993985371,0.641164705882353,0.015291556346615946,0.766906324249605,0.4984
NT-v2 per-genus (ORACLE),0.27690837693284703,0.15579226968008528,0.031539792494773795,0.276053577512667,0.5600235294117647,0.01565358554722941,0.817562374407583,0.6155
MT 6-mer flat (aligned),0.08540066884955547,0.0710151443288876,0.031316274514941664,0.061045984024354356,0.6643647058823529,0.014828309220044597,0.6741892266982623,0.3143
MT 6-mer hier. (aligned),0.061058739906081405,0.04158196067538257,0.029877260846642287,0.032598853751292,0.6960470588235295,0.01462866314695667,0.6289232926540285,0.2363
MT 13-mer flat (aligned),0.5263519733392372,0.5135395742642185,0.027581448595826872,0.5244389836220157,0.3577647058823529,0.014809891018245817,0.9682769462875198,0.8923
Kraken2 (in-DB),0.7717871333853809,0.8466856291490273,0.013790147616376192,0.8360593755743226,0.12927537913921908,0.008120715037211849,0.9976630240916271,0.9959
