{
  "primary": {
    "n_in_set_genera": 11,
    "out_of_set_expected_fraction": 18.51,
    "pearson_r_in_set": 0.5764872359326444,
    "pearson_r_bootstrap_mean": 0.5888461420208061,
    "pearson_r_bootstrap_ci95": [
      0.06591875437466096,
      0.896613686361601
    ],
    "spearman_rho_in_set": 0.5720775535473553,
    "bray_curtis_in_set": 0.43136684376534595,
    "filtered_ge_0.5pct": {
      "n": 9,
      "pearson_r": 0.6216183330160776,
      "spearman_rho": 0.7211680340484687,
      "bray_curtis": 0.4122986034918064,
      "genera": [
        "Bacteroides",
        "Roseburia",
        "Faecalibacterium",
        "Veillonella",
        "Prevotella",
        "Fusobacterium",
        "Lactobacillus",
        "Bifidobacterium",
        "Akkermansia"
      ]
    },
    "filtered_ge_1pct": {
      "n": 9,
      "pearson_r": 0.6216183330160776,
      "spearman_rho": 0.7211680340484687,
      "bray_curtis": 0.4122986034918064,
      "genera": [
        "Bacteroides",
        "Roseburia",
        "Faecalibacterium",
        "Veillonella",
        "Prevotella",
        "Fusobacterium",
        "Lactobacillus",
        "Bifidobacterium",
        "Akkermansia"
      ]
    },
    "detection_sensitivity_legacy_all_present": 0.5454545454545454,
    "detection_sensitivity_expected_ge_1pct": 0.5555555555555556,
    "n_expected_ge_1pct": 9,
    "detect_threshold": 0.01,
    "false_positive_genera": 4,
    "false_positive_names": [
      "Citrobacter",
      "Collinsella",
      "Enterobacter",
      "Klebsiella"
    ],
    "per_genus": [
      {
        "genus_name": "Bacteroides",
        "expected_raw": 14.0,
        "expected_renorm": 0.17177682264411154,
        "pred_raw_slice": 0.12296,
        "pred_renorm": 0.14893771651445042,
        "abs_err_renorm": 0.022839106129661113
      },
      {
        "genus_name": "Roseburia",
        "expected_raw": 14.0,
        "expected_renorm": 0.17177682264411154,
        "pred_raw_slice": 0.00715,
        "pred_renorm": 0.00866057801787834,
        "abs_err_renorm": 0.1631162446262332
      },
      {
        "genus_name": "Faecalibacterium",
        "expected_raw": 14.0,
        "expected_renorm": 0.17177682264411154,
        "pred_raw_slice": 0.16746,
        "pred_renorm": 0.20283921606628064,
        "abs_err_renorm": 0.0310623934221691
      },
      {
        "genus_name": "Veillonella",
        "expected_raw": 14.0,
        "expected_renorm": 0.17177682264411154,
        "pred_raw_slice": 0.4078,
        "pred_renorm": 0.49395576443227784,
        "abs_err_renorm": 0.3221789417881663
      },
      {
        "genus_name": "Prevotella",
        "expected_raw": 6.0,
        "expected_renorm": 0.0736186382760478,
        "pred_raw_slice": 0.02319,
        "pred_renorm": 0.02808934324959422,
        "abs_err_renorm": 0.04552929502645357
      },
      {
        "genus_name": "Fusobacterium",
        "expected_raw": 6.0,
        "expected_renorm": 0.0736186382760478,
        "pred_raw_slice": 0.00562,
        "pred_renorm": 0.006807335449017659,
        "abs_err_renorm": 0.06681130282703014
      },
      {
        "genus_name": "Lactobacillus",
        "expected_raw": 6.0,
        "expected_renorm": 0.0736186382760478,
        "pred_raw_slice": 0.0016,
        "pred_renorm": 0.001938031444560188,
        "abs_err_renorm": 0.07168060683148761
      },
      {
        "genus_name": "Bifidobacterium",
        "expected_raw": 6.0,
        "expected_renorm": 0.0736186382760478,
        "pred_raw_slice": 0.02028,
        "pred_renorm": 0.024564548559800378,
        "abs_err_renorm": 0.04905408971624742
      },
      {
        "genus_name": "Akkermansia",
        "expected_raw": 1.5,
        "expected_renorm": 0.01840465956901195,
        "pred_raw_slice": 0.00501,
        "pred_renorm": 0.006068460960779088,
        "abs_err_renorm": 0.012336198608232861
      },
      {
        "genus_name": "Enterococcus",
        "expected_raw": 0.001,
        "expected_renorm": 1.2269773046007967e-05,
        "pred_raw_slice": 0.00011,
        "pred_renorm": 0.0001332396618135129,
        "abs_err_renorm": 0.00012096988876750493
      },
      {
        "genus_name": "Clostridium",
        "expected_raw": 0.0001,
        "expected_renorm": 1.2269773046007968e-06,
        "pred_raw_slice": 0.0644,
        "pred_renorm": 0.07800576564354755,
        "abs_err_renorm": 0.07800453866624295
      }
    ],
    "remap_clostridioides": false,
    "exp_name": "Kraken2+Bracken Rep2",
    "n_reads": null
  },
  "clostridioides_as_clostridium": {
    "n_in_set_genera": 11,
    "out_of_set_expected_fraction": 17.01,
    "pearson_r_in_set": 0.5928449970757127,
    "pearson_r_bootstrap_mean": 0.6089500300827343,
    "pearson_r_bootstrap_ci95": [
      0.11487319860203908,
      0.9014207834286835
    ],
    "spearman_rho_in_set": 0.6864930642568264,
    "bray_curtis_in_set": 0.4195037565659938,
    "filtered_ge_0.5pct": {
      "n": 10,
      "pearson_r": 0.574448759166285,
      "spearman_rho": 0.5753922836133599,
      "bray_curtis": 0.4194815307417866,
      "genera": [
        "Bacteroides",
        "Roseburia",
        "Faecalibacterium",
        "Veillonella",
        "Prevotella",
        "Fusobacterium",
        "Lactobacillus",
        "Bifidobacterium",
        "Akkermansia",
        "Clostridium"
      ]
    },
    "filtered_ge_1pct": {
      "n": 10,
      "pearson_r": 0.574448759166285,
      "spearman_rho": 0.5753922836133599,
      "bray_curtis": 0.4194815307417866,
      "genera": [
        "Bacteroides",
        "Roseburia",
        "Faecalibacterium",
        "Veillonella",
        "Prevotella",
        "Fusobacterium",
        "Lactobacillus",
        "Bifidobacterium",
        "Akkermansia",
        "Clostridium"
      ]
    },
    "detection_sensitivity_legacy_all_present": 0.5454545454545454,
    "detection_sensitivity_expected_ge_1pct": 0.6,
    "n_expected_ge_1pct": 10,
    "detect_threshold": 0.01,
    "false_positive_genera": 4,
    "false_positive_names": [
      "Citrobacter",
      "Collinsella",
      "Enterobacter",
      "Klebsiella"
    ],
    "per_genus": [
      {
        "genus_name": "Bacteroides",
        "expected_raw": 14.0,
        "expected_renorm": 0.16867246337699138,
        "pred_raw_slice": 0.12296,
        "pred_renorm": 0.14893771651445042,
        "abs_err_renorm": 0.019734746862540953
      },
      {
        "genus_name": "Roseburia",
        "expected_raw": 14.0,
        "expected_renorm": 0.16867246337699138,
        "pred_raw_slice": 0.00715,
        "pred_renorm": 0.00866057801787834,
        "abs_err_renorm": 0.16001188535911304
      },
      {
        "genus_name": "Faecalibacterium",
        "expected_raw": 14.0,
        "expected_renorm": 0.16867246337699138,
        "pred_raw_slice": 0.16746,
        "pred_renorm": 0.20283921606628064,
        "abs_err_renorm": 0.03416675268928926
      },
      {
        "genus_name": "Veillonella",
        "expected_raw": 14.0,
        "expected_renorm": 0.16867246337699138,
        "pred_raw_slice": 0.4078,
        "pred_renorm": 0.49395576443227784,
        "abs_err_renorm": 0.32528330105528647
      },
      {
        "genus_name": "Prevotella",
        "expected_raw": 6.0,
        "expected_renorm": 0.07228819859013916,
        "pred_raw_slice": 0.02319,
        "pred_renorm": 0.02808934324959422,
        "abs_err_renorm": 0.044198855340544935
      },
      {
        "genus_name": "Fusobacterium",
        "expected_raw": 6.0,
        "expected_renorm": 0.07228819859013916,
        "pred_raw_slice": 0.00562,
        "pred_renorm": 0.006807335449017659,
        "abs_err_renorm": 0.0654808631411215
      },
      {
        "genus_name": "Lactobacillus",
        "expected_raw": 6.0,
        "expected_renorm": 0.07228819859013916,
        "pred_raw_slice": 0.0016,
        "pred_renorm": 0.001938031444560188,
        "abs_err_renorm": 0.07035016714557897
      },
      {
        "genus_name": "Bifidobacterium",
        "expected_raw": 6.0,