{
  "primary": {
    "n_in_set_genera": 11,
    "out_of_set_expected_fraction": 18.51,
    "pearson_r_in_set": 0.5302899746444091,
    "pearson_r_bootstrap_mean": 0.5075150269611614,
    "pearson_r_bootstrap_ci95": [
      -0.2017200700458212,
      0.9025928102823428
    ],
    "spearman_rho_in_set": 0.4385927910529725,
    "bray_curtis_in_set": 0.3617807853063186,
    "filtered_ge_0.5pct": {
      "n": 9,
      "pearson_r": 0.6058378511915494,
      "spearman_rho": 0.6207522318391883,
      "bray_curtis": 0.33046255579333705,
      "genera": [
        "Bacteroides",
        "Roseburia",
        "Faecalibacterium",
        "Veillonella",
        "Prevotella",
        "Fusobacterium",
        "Lactobacillus",
        "Bifidobacterium",
        "Akkermansia"
      ]
    },
    "filtered_ge_1pct": {
      "n": 9,
      "pearson_r": 0.6058378511915494,
      "spearman_rho": 0.6207522318391883,
      "bray_curtis": 0.33046255579333705,
      "genera": [
        "Bacteroides",
        "Roseburia",
        "Faecalibacterium",
        "Veillonella",
        "Prevotella",
        "Fusobacterium",
        "Lactobacillus",
        "Bifidobacterium",
        "Akkermansia"
      ]
    },
    "detection_sensitivity_legacy_all_present": 0.7272727272727273,
    "detection_sensitivity_expected_ge_1pct": 0.7777777777777778,
    "n_expected_ge_1pct": 9,
    "detect_threshold": 0.01,
    "false_positive_genera": 7,
    "false_positive_names": [
      "Alistipes",
      "Bacillus",
      "Blautia",
      "Citrobacter",
      "Enterobacter",
      "Klebsiella",
      "Ruminococcus"
    ],
    "per_genus": [
      {
        "genus_name": "Bacteroides",
        "expected_raw": 14.0,
        "expected_renorm": 0.17177682264411154,
        "pred_raw_slice": 0.262857,
        "pred_renorm": 0.35205477005772556,
        "abs_err_renorm": 0.18027794741361403
      },
      {
        "genus_name": "Roseburia",
        "expected_raw": 14.0,
        "expected_renorm": 0.17177682264411154,
        "pred_raw_slice": 0.003425,
        "pred_renorm": 0.004587237880093397,
        "abs_err_renorm": 0.16718958476401813
      },
      {
        "genus_name": "Faecalibacterium",
        "expected_raw": 14.0,
        "expected_renorm": 0.17177682264411154,
        "pred_raw_slice": 0.08081866666666666,
        "pred_renorm": 0.10824363478889777,
        "abs_err_renorm": 0.06353318785521377
      },
      {
        "genus_name": "Veillonella",
        "expected_raw": 14.0,
        "expected_renorm": 0.17177682264411154,
        "pred_raw_slice": 0.16562066666666667,
        "pred_renorm": 0.22182230536048325,
        "abs_err_renorm": 0.050045482716371714
      },
      {
        "genus_name": "Prevotella",
        "expected_raw": 6.0,
        "expected_renorm": 0.0736186382760478,
        "pred_raw_slice": 0.06041666666666667,
        "pred_renorm": 0.08091842975833852,
        "abs_err_renorm": 0.007299791482290721
      },
      {
        "genus_name": "Fusobacterium",
        "expected_raw": 6.0,
        "expected_renorm": 0.0736186382760478,
        "pred_raw_slice": 0.048149,
        "pred_renorm": 0.06448785888718743,
        "abs_err_renorm": 0.009130779388860366
      },
      {
        "genus_name": "Lactobacillus",
        "expected_raw": 6.0,
        "expected_renorm": 0.0736186382760478,
        "pred_raw_slice": 0.019888,
        "pred_renorm": 0.026636784513663497,
        "abs_err_renorm": 0.0469818537623843
      },
      {
        "genus_name": "Bifidobacterium",
        "expected_raw": 6.0,
        "expected_renorm": 0.0736186382760478,
        "pred_raw_slice": 0.010148666666666667,
        "pred_renorm": 0.013592510413364824,
        "abs_err_renorm": 0.06002612786268297
      },
      {
        "genus_name": "Akkermansia",
        "expected_raw": 1.5,
        "expected_renorm": 0.01840465956901195,
        "pred_raw_slice": 0.0026023333333333332,
        "pred_renorm": 0.0034854078958529585,
        "abs_err_renorm": 0.01491925167315899
      },
      {
        "genus_name": "Enterococcus",
        "expected_raw": 0.001,
        "expected_renorm": 1.2269773046007967e-05,
        "pred_raw_slice": 0.0019776666666666666,
        "pred_renorm": 0.0026487671379653646,
        "abs_err_renorm": 0.0026364973649193567
      },
      {
        "genus_name": "Clostridium",
        "expected_raw": 0.0001,
        "expected_renorm": 1.2269773046007968e-06,
        "pred_raw_slice": 0.090733,
        "pred_renorm": 0.1215222933064275,
        "abs_err_renorm": 0.12152106632912289
      }
    ],
    "remap_clostridioides": false,
    "exp_name": "MT 13-mer 250M Rep2",
    "n_reads": 3000000
  },
  "clostridioides_as_clostridium": {
    "n_in_set_genera": 11,
    "out_of_set_expected_fraction": 17.01,
    "pearson_r_in_set": 0.5550502072069633,
    "pearson_r_bootstrap_mean": 0.5333610303529549,
    "pearson_r_bootstrap_ci95": [
      -0.14943856939953812,
      0.9055111575893071
    ],
    "spearman_rho_in_set": 0.5816121794398114,
    "bray_curtis_in_set": 0.3512481377928752,
    "filtered_ge_0.5pct": {
      "n": 10,
      "pearson_r": 0.5053568980533303,
      "spearman_rho": 0.43316048316960803,
      "bray_curtis": 0.3506680117640149,
      "genera": [
        "Bacteroides",
        "Roseburia",
        "Faecalibacterium",
        "Veillonella",
        "Prevotella",
        "Fusobacterium",
        "Lactobacillus",
        "Bifidobacterium",
        "Akkermansia",
        "Clostridium"
      ]
    },
    "filtered_ge_1pct": {
      "n": 10,
      "pearson_r": 0.5053568980533303,
      "spearman_rho": 0.43316048316960803,
      "bray_curtis": 0.3506680117640149,
      "genera": [
        "Bacteroides",
        "Roseburia",
        "Faecalibacterium",
        "Veillonella",
        "Prevotella",
        "Fusobacterium",
        "Lactobacillus",
        "Bifidobacterium",
        "Akkermansia",
        "Clostridium"
      ]
    },
    "detection_sensitivity_legacy_all_present": 0.7272727272727273,
    "detection_sensitivity_expected_ge_1pct": 0.8,
    "n_expected_ge_1pct": 10,
    "detect_threshold": 0.01,
    "false_positive_genera": 7,
    "false_positive_names": [
      "Alistipes",
      "Bacillus",
      "Blautia",
      "Citrobacter",
      "Enterobacter",
      "Klebsiella",
      "Ruminococcus"
    ],
    "per_genus": [
      {
        "genus_name": "Bacteroides",
        "expected_raw": 14.0,
        "expected_renorm": 0.16867246337699138,
        "pred_raw_slice": 0.262857,
        "pred_renorm": 0.35205477005772556,
        "abs_err_renorm": 0.1833823066807342
      },
      {
        "genus_name": "Roseburia",
        "expected_raw": 14.0,
        "expected_renorm": 0.16867246337699138,
        "pred_raw_slice": 0.003425,
        "pred_renorm": 0.004587237880093397,
        "abs_err_renorm": 0.16408522549689797
      },
      {
        "genus_name": "Faecalibacterium",
        "expected_raw": 14.0,
        "expected_renorm": 0.16867246337699138,
        "pred_raw_slice": 0.08081866666666666,
        "pred_renorm": 0.10824363478889777,
        "abs_err_renorm": 0.060428828588093605
      },
      {
        "genus_name": "Veillonella",
        "expected_raw": 14.0,
        "expected_renorm": 0.16867246337699138,
        "pred_raw_slice": 0.16562066666666667,
        "pred_renorm": 0.22182230536048325,
        "abs_err_renorm": 0.053149841983491874
      },
      {
        "genus_name": "Prevotella",
        "expected_raw": 6.0,
        "expected_renorm": 0.07228819859013916,
        "pred_raw_slice": 0.06041666666666667,
        "pred_renorm": 0.08091842975833852,
        "abs_err_renorm": 0.00863023116819936
      },
      {
        "genus_name": "Fusobacterium",
        "expected_raw": 6.0,
        "expected_renorm": 0.07228819859013916,
        "pred_raw_slice": 0.048149,
        "pred_renorm": 0.06448785888718743,
        "abs_err_renorm": 0.007800339702951728
      },
      {
        "genus_name": "Lactobacillus",
        "expected_raw": 6.0,