{
  "primary": {
    "n_in_set_genera": 11,
    "out_of_set_expected_fraction": 18.51,
    "pearson_r_in_set": 0.4027841971433288,
    "pearson_r_bootstrap_mean": 0.37828360020694946,
    "pearson_r_bootstrap_ci95": [
      -0.37738588039815407,
      0.872655769209513
    ],
    "spearman_rho_in_set": 0.33847921918218526,
    "bray_curtis_in_set": 0.3916640603989743,
    "filtered_ge_0.5pct": {
      "n": 9,
      "pearson_r": 0.5653676453013415,
      "spearman_rho": 0.42904933671238016,
      "bray_curtis": 0.3494800403009542,
      "genera": [
        "Bacteroides",
        "Roseburia",
        "Faecalibacterium",
        "Veillonella",
        "Prevotella",
        "Fusobacterium",
        "Lactobacillus",
        "Bifidobacterium",
        "Akkermansia"
      ]
    },
    "filtered_ge_1pct": {
      "n": 9,
      "pearson_r": 0.5653676453013415,
      "spearman_rho": 0.42904933671238016,
      "bray_curtis": 0.3494800403009542,
      "genera": [
        "Bacteroides",
        "Roseburia",
        "Faecalibacterium",
        "Veillonella",
        "Prevotella",
        "Fusobacterium",
        "Lactobacillus",
        "Bifidobacterium",
        "Akkermansia"
      ]
    },
    "detection_sensitivity_legacy_all_present": 0.8181818181818182,
    "detection_sensitivity_expected_ge_1pct": 0.8888888888888888,
    "n_expected_ge_1pct": 9,
    "detect_threshold": 0.01,
    "false_positive_genera": 7,
    "false_positive_names": [
      "Alistipes",
      "Citrobacter",
      "Collinsella",
      "Desulfovibrio",
      "Enterobacter",
      "Klebsiella",
      "Ruminococcus"
    ],
    "per_genus": [
      {
        "genus_name": "Bacteroides",
        "expected_raw": 14.0,
        "expected_renorm": 0.17177682264411154,
        "pred_raw_slice": 0.23889066666666667,
        "pred_renorm": 0.33141560733924424,
        "abs_err_renorm": 0.1596387846951327
      },
      {
        "genus_name": "Roseburia",
        "expected_raw": 14.0,
        "expected_renorm": 0.17177682264411154,
        "pred_raw_slice": 0.003738,
        "pred_renorm": 0.0051857678557307735,
        "abs_err_renorm": 0.16659105478838077
      },
      {
        "genus_name": "Faecalibacterium",
        "expected_raw": 14.0,
        "expected_renorm": 0.17177682264411154,
        "pred_raw_slice": 0.06962966666666667,
        "pred_renorm": 0.0965979901565673,
        "abs_err_renorm": 0.07517883248754424
      },
      {
        "genus_name": "Veillonella",
        "expected_raw": 14.0,
        "expected_renorm": 0.17177682264411154,
        "pred_raw_slice": 0.133959,
        "pred_renorm": 0.18584277051520565,
        "abs_err_renorm": 0.014065947871094109
      },
      {
        "genus_name": "Prevotella",
        "expected_raw": 6.0,
        "expected_renorm": 0.0736186382760478,
        "pred_raw_slice": 0.07984933333333333,
        "pred_renorm": 0.1107758443289277,
        "abs_err_renorm": 0.03715720605287991
      },
      {
        "genus_name": "Fusobacterium",
        "expected_raw": 6.0,
        "expected_renorm": 0.0736186382760478,
        "pred_raw_slice": 0.029937666666666668,
        "pred_renorm": 0.0415328489768814,
        "abs_err_renorm": 0.032085789299166396
      },
      {
        "genus_name": "Lactobacillus",
        "expected_raw": 6.0,
        "expected_renorm": 0.0736186382760478,
        "pred_raw_slice": 0.017883333333333334,
        "pred_renorm": 0.02480974188157268,
        "abs_err_renorm": 0.04880889639447512
      },
      {
        "genus_name": "Bifidobacterium",
        "expected_raw": 6.0,
        "expected_renorm": 0.0736186382760478,
        "pred_raw_slice": 0.009324666666666667,
        "pred_renorm": 0.012936210985929434,
        "abs_err_renorm": 0.060682427290118364
      },
      {
        "genus_name": "Akkermansia",
        "expected_raw": 1.5,
        "expected_renorm": 0.01840465956901195,
        "pred_raw_slice": 0.007271333333333334,
        "pred_renorm": 0.010087599429722767,
        "abs_err_renorm": 0.008317060139289182
      },
      {
        "genus_name": "Enterococcus",
        "expected_raw": 0.001,
        "expected_renorm": 1.2269773046007967e-05,
        "pred_raw_slice": 0.0009043333333333334,
        "pred_renorm": 0.0012545914207773845,
        "abs_err_renorm": 0.0012423216477313766
      },
      {
        "genus_name": "Clostridium",
        "expected_raw": 0.0001,
        "expected_renorm": 1.2269773046007968e-06,
        "pred_raw_slice": 0.129431,
        "pred_renorm": 0.1795610271094408,
        "abs_err_renorm": 0.1795598001321362
      }
    ],
    "remap_clostridioides": false,
    "exp_name": "NT-v2 v9 (RC-TTA) Rep2",
    "n_reads": 3000000
  },
  "clostridioides_as_clostridium": {
    "n_in_set_genera": 11,
    "out_of_set_expected_fraction": 17.01,
    "pearson_r_in_set": 0.4387637984227601,
    "pearson_r_bootstrap_mean": 0.4124712954640485,
    "pearson_r_bootstrap_ci95": [
      -0.30906742464674986,
      0.873086682870809
    ],
    "spearman_rho_in_set": 0.4719639816765682,
    "bray_curtis_in_set": 0.3811314128855308,
    "filtered_ge_0.5pct": {
      "n": 10,
      "pearson_r": 0.3630647880099587,
      "spearman_rho": 0.2844636008875038,
      "bray_curtis": 0.3808981912377795,
      "genera": [
        "Bacteroides",
        "Roseburia",
        "Faecalibacterium",
        "Veillonella",
        "Prevotella",
        "Fusobacterium",
        "Lactobacillus",
        "Bifidobacterium",
        "Akkermansia",
        "Clostridium"
      ]
    },
    "filtered_ge_1pct": {
      "n": 10,
      "pearson_r": 0.3630647880099587,
      "spearman_rho": 0.2844636008875038,
      "bray_curtis": 0.3808981912377795,
      "genera": [
        "Bacteroides",
        "Roseburia",
        "Faecalibacterium",
        "Veillonella",
        "Prevotella",
        "Fusobacterium",
        "Lactobacillus",
        "Bifidobacterium",
        "Akkermansia",
        "Clostridium"
      ]
    },
    "detection_sensitivity_legacy_all_present": 0.8181818181818182,
    "detection_sensitivity_expected_ge_1pct": 0.9,
    "n_expected_ge_1pct": 10,
    "detect_threshold": 0.01,
    "false_positive_genera": 7,
    "false_positive_names": [
      "Alistipes",
      "Citrobacter",
      "Collinsella",
      "Desulfovibrio",
      "Enterobacter",
      "Klebsiella",
      "Ruminococcus"
    ],
    "per_genus": [
      {
        "genus_name": "Bacteroides",
        "expected_raw": 14.0,
        "expected_renorm": 0.16867246337699138,
        "pred_raw_slice": 0.23889066666666667,
        "pred_renorm": 0.33141560733924424,
        "abs_err_renorm": 0.16274314396225287
      },
      {
        "genus_name": "Roseburia",
        "expected_raw": 14.0,
        "expected_renorm": 0.16867246337699138,
        "pred_raw_slice": 0.003738,
        "pred_renorm": 0.0051857678557307735,
        "abs_err_renorm": 0.1634866955212606
      },
      {
        "genus_name": "Faecalibacterium",
        "expected_raw": 14.0,
        "expected_renorm": 0.16867246337699138,
        "pred_raw_slice": 0.06962966666666667,
        "pred_renorm": 0.0965979901565673,
        "abs_err_renorm": 0.07207447322042408
      },
      {
        "genus_name": "Veillonella",
        "expected_raw": 14.0,
        "expected_renorm": 0.16867246337699138,
        "pred_raw_slice": 0.133959,
        "pred_renorm": 0.18584277051520565,
        "abs_err_renorm": 0.01717030713821427
      },
      {
        "genus_name": "Prevotella",
        "expected_raw": 6.0,
        "expected_renorm": 0.07228819859013916,
        "pred_raw_slice": 0.07984933333333333,
        "pred_renorm": 0.1107758443289277,
        "abs_err_renorm": 0.038487645738788545
      },
      {
        "genus_name": "Fusobacterium",
        "expected_raw": 6.0,
        "expected_renorm": 0.07228819859013916,
        "pred_raw_slice": 0.029937666666666668,
        "pred_renorm": 0.0415328489768814,
        "abs_err_renorm": 0.03075534961325776
      },
      {
        "genus_name": "Lactobacillus",